0,2019-01-01,1,1,1,2019,True
1,2019-01-02,2,2,1,2019,False
2,2019-01-03,3,3,1,2019,False
3,2019-01-04,4,4,1,2019,False
4,2019-01-05,5,5,1,2019,False
5,2019-01-06,6,6,1,2019,False
6,2019-01-07,7,0,1,2019,False
7,2019-01-08,8,1,1,2019,False
8,2019-01-09,9,2,1,2019,False
9,2019-01-10,10,3,1,2019,False
10,2019-01-11,11,4,1,2019,False
11,2019-01-12,12,5,1,2019,False
12,2019-01-13,13,6,1,2019,False
13,2019-01-14,14,0,1,2019,False
14,2019-01-15,15,1,1,2019,False
15,2019-01-16,16,2,1,2019,False
16,2019-01-17,17,3,1,2019,False
17,2019-01-18,18,4,1,2019,False
18,2019-01-19,19,5,1,2019,False
19,2019-01-20,20,6,1,2019,False
20,2019-01-21,21,0,1,2019,False
21,2019-01-22,22,1,1,2019,False
22,2019-01-23,23,2,1,2019,False
23,2019-01-24,24,3,1,2019,False
24,2019-01-25,25,4,1,2019,False
25,2019-01-26,26,5,1,2019,False
26,2019-01-27,27,6,1,2019,False
27,2019-01-28,28,0,1,2019,False
28,2019-01-29,29,1,1,2019,False
29,2019-01-30,30,2,1,2019,False
30,2019-01-31,31,3,1,2019,False
31,2019-02-01,1,4,2,2019,False
32,2019-02-02,2,5,2,2019,False
33,2019-02-03,3,6,2,2019,False
34,2019-02-04,4,0,2,2019,False
35,2019-02-05,5,1,2,2019,False
36,2019-02-06,6,2,2,2019,False
37,2019-02-07,7,3,2,2019,False
38,2019-02-08,8,4,2,2019,False
39,2019-02-09,9,5,2,2019,False
40,2019-02-10,10,6,2,2019,False
41,2019-02-11,11,0,2,2019,False
42,2019-02-12,12,1,2,2019,False
43,2019-02-13,13,2,2,2019,False
44,2019-02-14,14,3,2,2019,False
45,2019-02-15,15,4,2,2019,False
46,2019-02-16,16,5,2,2019,False
47,2019-02-17,17,6,2,2019,False
48,2019-02-18,18,0,2,2019,False
49,2019-02-19,19,1,2,2019,False
50,2019-02-20,20,2,2,2019,False
51,2019-02-21,21,3,2,2019,False
52,2019-02-22,22,4,2,2019,False
53,2019-02-23,23,5,2,2019,False
54,2019-02-24,24,6,2,2019,False
55,2019-02-25,25,0,2,2019,False
56,2019-02-26,26,1,2,2019,False
57,2019-02-27,27,2,2,2019,False
58,2019-02-28,28,3,2,2019,False
59,2019-03-01,1,4,3,2019,False
60,2019-03-02,2,5,3,2019,False
61,2019-03-03,3,6,3,2019,False
62,2019-03-04,4,0,3,2019,False
63,2019-03-05,5,1,3,2019,False
64,2019-03-06,6,2,3,2019,False
65,2019-03-07,7,3,3,2019,False
66,2019-03-08,8,4,3,2019,False
67,2019-03-09,9,5,3,2019,False
68,2019-03-10,10,6,3,2019,False
69,2019-03-11,11,0,3,2019,False
70,2019-03-12,12,1,3,2019,False
71,2019-03-13,13,2,3,2019,False
72,2019-03-14,14,3,3,2019,False
73,2019-03-15,15,4,3,2019,False
74,2019-03-16,16,5,3,2019,False
75,2019-03-17,17,6,3,2019,False
76,2019-03-18,18,0,3,2019,False
77,2019-03-19,19,1,3,2019,False
78,2019-03-20,20,2,3,2019,False
79,2019-03-21,21,3,3,2019,False
80,2019-03-22,22,4,3,2019,False
81,2019-03-23,23,5,3,2019,False
82,2019-03-24,24,6,3,2019,False
83,2019-03-25,25,0,3,2019,False
84,2019-03-26,26,1,3,2019,False
85,2019-03-27,27,2,3,2019,False
86,2019-03-28,28,3,3,2019,False
87,2019-03-29,29,4,3,2019,False
88,2019-03-30,30,5,3,2019,False
89,2019-03-31,31,6,3,2019,False
90,2019-04-01,1,0,4,2019,False
91,2019-04-02,2,1,4,2019,False
92,2019-04-03,3,2,4,2019,False
93,2019-04-04,4,3,4,2019,False
94,2019-04-05,5,4,4,2019,False
95,2019-04-06,6,5,4,2019,False
96,2019-04-07,7,6,4,2019,False
97,2019-04-08,8,0,4,2019,False
98,2019-04-09,9,1,4,2019,False
99,2019-04-10,10,2,4,2019,False
100,2019-04-11,11,3,4,2019,False
101,2019-04-12,12,4,4,2019,False
102,2019-04-13,13,5,4,2019,False
103,2019-04-14,14,6,4,2019,False
104,2019-04-15,15,0,4,2019,False
105,2019-04-16,16,1,4,2019,False
106,2019-04-17,17,2,4,2019,False
107,2019-04-18,18,3,4,2019,False
108,2019-04-19,19,4,4,2019,False
109,2019-04-20,20,5,4,2019,False
110,2019-04-21,21,6,4,2019,False
111,2019-04-22,22,0,4,2019,False
112,2019-04-23,23,1,4,2019,False
113,2019-04-24,24,2,4,2019,False
114,2019-04-25,25,3,4,2019,False
115,2019-04-26,26,4,4,2019,False
116,2019-04-27,27,5,4,2019,False
117,2019-04-28,28,6,4,2019,False
118,2019-04-29,29,0,4,2019,False
119,2019-04-30,30,1,4,2019,False
120,2019-05-01,1,2,5,2019,False
121,2019-05-02,2,3,5,2019,False
122,2019-05-03,3,4,5,2019,False
123,2019-05-04,4,5,5,2019,False
124,2019-05-05,5,6,5,2019,False
125,2019-05-06,6,0,5,2019,False
126,2019-05-07,7,1,5,2019,False
127,2019-05-08,8,2,5,2019,False
128,2019-05-09,9,3,5,2019,False
129,2019-05-10,10,4,5,2019,False
130,2019-05-11,11,5,5,2019,False
131,2019-05-12,12,6,5,2019,False
132,2019-05-13,13,0,5,2019,False
133,2019-05-14,14,1,5,2019,False
134,2019-05-15,15,2,5,2019,False
135,2019-05-16,16,3,5,2019,False
136,2019-05-17,17,4,5,2019,False
137,2019-05-18,18,5,5,2019,False
138,2019-05-19,19,6,5,2019,False
139,2019-05-20,20,0,5,2019,False
140,2019-05-21,21,1,5,2019,False
141,2019-05-22,22,2,5,2019,False
142,2019-05-23,23,3,5,2019,False
143,2019-05-24,24,4,5,2019,False
144,2019-05-25,25,5,5,2019,False
145,2019-05-26,26,6,5,2019,False
146,2019-05-27,27,0,5,2019,True
147,2019-05-28,28,1,5,2019,False
148,2019-05-29,29,2,5,2019,False
149,2019-05-30,30,3,5,2019,False
150,2019-05-31,31,4,5,2019,False
151,2019-06-01,1,5,6,2019,False
152,2019-06-02,2,6,6,2019,False
153,2019-06-03,3,0,6,2019,False
154,2019-06-04,4,1,6,2019,False
155,2019-06-05,5,2,6,2019,False
156,2019-06-06,6,3,6,2019,False
157,2019-06-07,7,4,6,2019,False
158,2019-06-08,8,5,6,2019,False
159,2019-06-09,9,6,6,2019,False
160,2019-06-10,10,0,6,2019,False
161,2019-06-11,11,1,6,2019,False
162,2019-06-12,12,2,6,2019,False
163,2019-06-13,13,3,6,2019,False
164,2019-06-14,14,4,6,2019,False
165,2019-06-15,15,5,6,2019,False
166,2019-06-16,16,6,6,2019,False
167,2019-06-17,17,0,6,2019,False
168,2019-06-18,18,1,6,2019,False
169,2019-06-19,19,2,6,2019,False
170,2019-06-20,20,3,6,2019,False
171,2019-06-21,21,4,6,2019,False
172,2019-06-22,22,5,6,2019,False
173,2019-06-23,23,6,6,2019,False
174,2019-06-24,24,0,6,2019,False
175,2019-06-25,25,1,6,2019,False
176,2019-06-26,26,2,6,2019,False
177,2019-06-27,27,3,6,2019,False
178,2019-06-28,28,4,6,2019,False
179,2019-06-29,29,5,6,2019,False
180,2019-06-30,30,6,6,2019,False
181,2019-07-01,1,0,7,2019,False
182,2019-07-02,2,1,7,2019,False
183,2019-07-03,3,2,7,2019,False
184,2019-07-04,4,3,7,2019,True
185,2019-07-05,5,4,7,2019,False
186,2019-07-06,6,5,7,2019,False
187,2019-07-07,7,6,7,2019,False
188,2019-07-08,8,0,7,2019,False
189,2019-07-09,9,1,7,2019,False
190,2019-07-10,10,2,7,2019,False
191,2019-07-11,11,3,7,2019,False
192,2019-07-12,12,4,7,2019,False
193,2019-07-13,13,5,7,2019,False
194,2019-07-14,14,6,7,2019,False
195,2019-07-15,15,0,7,2019,False
196,2019-07-16,16,1,7,2019,False
197,2019-07-17,17,2,7,2019,False
198,2019-07-18,18,3,7,2019,False
199,2019-07-19,19,4,7,2019,False
200,2019-07-20,20,5,7,2019,False
201,2019-07-21,21,6,7,2019,False
202,2019-07-22,22,0,7,2019,False
203,2019-07-23,23,1,7,2019,False
204,2019-07-24,24,2,7,2019,False
205,2019-07-25,25,3,7,2019,False
206,2019-07-26,26,4,7,2019,False
207,2019-07-27,27,5,7,2019,False
208,2019-07-28,28,6,7,2019,False
209,2019-07-29,29,0,7,2019,False
210,2019-07-30,30,1,7,2019,False
211,2019-07-31,31,2,7,2019,False
212,2019-08-01,1,3,8,2019,False
213,2019-08-02,2,4,8,2019,False
214,2019-08-03,3,5,8,2019,False
215,2019-08-04,4,6,8,2019,False
216,2019-08-05,5,0,8,2019,False
217,2019-08-06,6,1,8,2019,False
218,2019-08-07,7,2,8,2019,False
219,2019-08-08,8,3,8,2019,False
220,2019-08-09,9,4,8,2019,False
221,2019-08-10,10,5,8,2019,False
222,2019-08-11,11,6,8,2019,False
223,2019-08-12,12,0,8,2019,False
224,2019-08-13,13,1,8,2019,False
225,2019-08-14,14,2,8,2019,False
226,2019-08-15,15,3,8,2019,False
227,2019-08-16,16,4,8,2019,False
228,2019-08-17,17,5,8,2019,False
229,2019-08-18,18,6,8,2019,False
230,2019-08-19,19,0,8,2019,False
231,2019-08-20,20,1,8,2019,False
232,2019-08-21,21,2,8,2019,False
233,2019-08-22,22,3,8,2019,False
234,2019-08-23,23,4,8,2019,False
235,2019-08-24,24,5,8,2019,False
236,2019-08-25,25,6,8,2019,False
237,2019-08-26,26,0,8,2019,False
238,2019-08-27,27,1,8,2019,False
239,2019-08-28,28,2,8,2019,False
240,2019-08-29,29,3,8,2019,False
241,2019-08-30,30,4,8,2019,False
242,2019-08-31,31,5,8,2019,False
243,2019-09-01,1,6,9,2019,False
244,2019-09-02,2,0,9,2019,True
245,2019-09-03,3,1,9,2019,False
246,2019-09-04,4,2,9,2019,False
247,2019-09-05,5,3,9,2019,False
248,2019-09-06,6,4,9,2019,False
249,2019-09-07,7,5,9,2019,False
250,2019-09-08,8,6,9,2019,False
251,2019-09-09,9,0,9,2019,False
252,2019-09-10,10,1,9,2019,False
253,2019-09-11,11,2,9,2019,False
254,2019-09-12,12,3,9,2019,False
255,2019-09-13,13,4,9,2019,False
256,2019-09-14,14,5,9,2019,False
257,2019-09-15,15,6,9,2019,False
258,2019-09-16,16,0,9,2019,False
259,2019-09-17,17,1,9,2019,False
260,2019-09-18,18,2,9,2019,False
261,2019-09-19,19,3,9,2019,False
262,2019-09-20,20,4,9,2019,False
263,2019-09-21,21,5,9,2019,False
264,2019-09-22,22,6,9,2019,False
265,2019-09-23,23,0,9,2019,False
266,2019-09-24,24,1,9,2019,False
267,2019-09-25,25,2,9,2019,False
268,2019-09-26,26,3,9,2019,False
269,2019-09-27,27,4,9,2019,False
270,2019-09-28,28,5,9,2019,False
271,2019-09-29,29,6,9,2019,False
272,2019-09-30,30,0,9,2019,False
273,2019-10-01,1,1,10,2019,False
274,2019-10-02,2,2,10,2019,False
275,2019-10-03,3,3,10,2019,False
276,2019-10-04,4,4,10,2019,False
277,2019-10-05,5,5,10,2019,False
278,2019-10-06,6,6,10,2019,False
279,2019-10-07,7,0,10,2019,False
280,2019-10-08,8,1,10,2019,False
281,2019-10-09,9,2,10,2019,False
282,2019-10-10,10,3,10,2019,False
283,2019-10-11,11,4,10,2019,False
284,2019-10-12,12,5,10,2019,False
285,2019-10-13,13,6,10,2019,False
286,2019-10-14,14,0,10,2019,False
287,2019-10-15,15,1,10,2019,False
288,2019-10-16,16,2,10,2019,False
289,2019-10-17,17,3,10,2019,False
290,2019-10-18,18,4,10,2019,False
291,2019-10-19,19,5,10,2019,False
292,2019-10-20,20,6,10,2019,False
293,2019-10-21,21,0,10,2019,False
294,2019-10-22,22,1,10,2019,False
295,2019-10-23,23,2,10,2019,False
296,2019-10-24,24,3,10,2019,False
297,2019-10-25,25,4,10,2019,False
298,2019-10-26,26,5,10,2019,False
299,2019-10-27,27,6,10,2019,False
300,2019-10-28,28,0,10,2019,False
301,2019-10-29,29,1,10,2019,False
302,2019-10-30,30,2,10,2019,False
303,2019-10-31,31,3,10,2019,False
304,2019-11-01,1,4,11,2019,False
305,2019-11-02,2,5,11,2019,False
306,2019-11-03,3,6,11,2019,False
307,2019-11-04,4,0,11,2019,False
308,2019-11-05,5,1,11,2019,False
309,2019-11-06,6,2,11,2019,False
310,2019-11-07,7,3,11,2019,False
311,2019-11-08,8,4,11,2019,False
312,2019-11-09,9,5,11,2019,False
313,2019-11-10,10,6,11,2019,False
314,2019-11-11,11,0,11,2019,False
315,2019-11-12,12,1,11,2019,False
316,2019-11-13,13,2,11,2019,False
317,2019-11-14,14,3,11,2019,False
318,2019-11-15,15,4,11,2019,False
319,2019-11-16,16,5,11,2019,False
320,2019-11-17,17,6,11,2019,False
321,2019-11-18,18,0,11,2019,False
322,2019-11-19,19,1,11,2019,False
323,2019-11-20,20,2,11,2019,False
324,2019-11-21,21,3,11,2019,False
325,2019-11-22,22,4,11,2019,False
326,2019-11-23,23,5,11,2019,False
327,2019-11-24,24,6,11,2019,False
328,2019-11-25,25,0,11,2019,False
329,2019-11-26,26,1,11,2019,False
330,2019-11-27,27,2,11,2019,False
331,2019-11-28,28,3,11,2019,True
332,2019-11-29,29,4,11,2019,False
333,2019-11-30,30,5,11,2019,False
334,2019-12-01,1,6,12,2019,False
335,2019-12-02,2,0,12,2019,False
336,2019-12-03,3,1,12,2019,False
337,2019-12-04,4,2,12,2019,False
338,2019-12-05,5,3,12,2019,False
339,2019-12-06,6,4,12,2019,False
340,2019-12-07,7,5,12,2019,False
341,2019-12-08,8,6,12,2019,False
342,2019-12-09,9,0,12,2019,False
343,2019-12-10,10,1,12,2019,False
344,2019-12-11,11,2,12,2019,False
345,2019-12-12,12,3,12,2019,False
346,2019-12-13,13,4,12,2019,False
347,2019-12-14,14,5,12,2019,False
348,2019-12-15,15,6,12,2019,False
349,2019-12-16,16,0,12,2019,False
350,2019-12-17,17,1,12,2019,False
351,2019-12-18,18,2,12,2019,False
352,2019-12-19,19,3,12,2019,False
353,2019-12-20,20,4,12,2019,False
354,2019-12-21,21,5,12,2019,False
355,2019-12-22,22,6,12,2019,False
356,2019-12-23,23,0,12,2019,False
357,2019-12-24,24,1,12,2019,False
358,2019-12-25,25,2,12,2019,True
359,2019-12-26,26,3,12,2019,False
360,2019-12-27,27,4,12,2019,False
361,2019-12-28,28,5,12,2019,False
362,2019-12-29,29,6,12,2019,False
363,2019-12-30,30,0,12,2019,False
364,2019-12-31,31,1,12,2019,False
365,2020-01-01,1,2,1,2020,True
366,2020-01-02,2,3,1,2020,False
367,2020-01-03,3,4,1,2020,False
368,2020-01-04,4,5,1,2020,False
369,2020-01-05,5,6,1,2020,False
370,2020-01-06,6,0,1,2020,False
371,2020-01-07,7,1,1,2020,False
372,2020-01-08,8,2,1,2020,False
373,2020-01-09,9,3,1,2020,False
374,2020-01-10,10,4,1,2020,False
375,2020-01-11,11,5,1,2020,False
376,2020-01-12,12,6,1,2020,False
377,2020-01-13,13,0,1,2020,False
378,2020-01-14,14,1,1,2020,False
379,2020-01-15,15,2,1,2020,False
380,2020-01-16,16,3,1,2020,False
381,2020-01-17,17,4,1,2020,False
382,2020-01-18,18,5,1,2020,False
383,2020-01-19,19,6,1,2020,False
384,2020-01-20,20,0,1,2020,False
385,2020-01-21,21,1,1,2020,False
386,2020-01-22,22,2,1,2020,False
387,2020-01-23,23,3,1,2020,False
388,2020-01-24,24,4,1,2020,False
389,2020-01-25,25,5,1,2020,False
390,2020-01-26,26,6,1,2020,False
391,2020-01-27,27,0,1,2020,False
392,2020-01-28,28,1,1,2020,False
393,2020-01-29,29,2,1,2020,False
394,2020-01-30,30,3,1,2020,False
395,2020-01-31,31,4,1,2020,False
396,2020-02-01,1,5,2,2020,False
397,2020-02-02,2,6,2,2020,False
398,2020-02-03,3,0,2,2020,False
399,2020-02-04,4,1,2,2020,False
400,2020-02-05,5,2,2,2020,False
401,2020-02-06,6,3,2,2020,False
402,2020-02-07,7,4,2,2020,False
403,2020-02-08,8,5,2,2020,False
404,2020-02-09,9,6,2,2020,False
405,2020-02-10,10,0,2,2020,False
406,2020-02-11,11,1,2,2020,False
407,2020-02-12,12,2,2,2020,False
408,2020-02-13,13,3,2,2020,False
409,2020-02-14,14,4,2,2020,False
410,2020-02-15,15,5,2,2020,False
411,2020-02-16,16,6,2,2020,False
412,2020-02-17,17,0,2,2020,False
413,2020-02-18,18,1,2,2020,False
414,2020-02-19,19,2,2,2020,False
415,2020-02-20,20,3,2,2020,False
416,2020-02-21,21,4,2,2020,False
417,2020-02-22,22,5,2,2020,False
418,2020-02-23,23,6,2,2020,False
419,2020-02-24,24,0,2,2020,False
420,2020-02-25,25,1,2,2020,False
421,2020-02-26,26,2,2,2020,False
422,2020-02-27,27,3,2,2020,False
423,2020-02-28,28,4,2,2020,False
424,2020-02-29,29,5,2,2020,False
425,2020-03-01,1,6,3,2020,False
426,2020-03-02,2,0,3,2020,False
427,2020-03-03,3,1,3,2020,False
428,2020-03-04,4,2,3,2020,False
429,2020-03-05,5,3,3,2020,False
430,2020-03-06,6,4,3,2020,False
431,2020-03-07,7,5,3,2020,False
432,2020-03-08,8,6,3,2020,False
433,2020-03-09,9,0,3,2020,False
434,2020-03-10,10,1,3,2020,False
435,2020-03-11,11,2,3,2020,False
436,2020-03-12,12,3,3,2020,False
437,2020-03-13,13,4,3,2020,False
438,2020-03-14,14,5,3,2020,False
439,2020-03-15,15,6,3,2020,False
440,2020-03-16,16,0,3,2020,False
441,2020-03-17,17,1,3,2020,False
442,2020-03-18,18,2,3,2020,False
443,2020-03-19,19,3,3,2020,False
444,2020-03-20,20,4,3,2020,False
445,2020-03-21,21,5,3,2020,False
446,2020-03-22,22,6,3,2020,False
447,2020-03-23,23,0,3,2020,False
448,2020-03-24,24,1,3,2020,False
449,2020-03-25,25,2,3,2020,False
450,2020-03-26,26,3,3,2020,False
451,2020-03-27,27,4,3,2020,False
452,2020-03-28,28,5,3,2020,False
453,2020-03-29,29,6,3,2020,False
454,2020-03-30,30,0,3,2020,False
455,2020-03-31,31,1,3,2020,False
456,2020-04-01,1,2,4,2020,False
457,2020-04-02,2,3,4,2020,False
458,2020-04-03,3,4,4,2020,False
459,2020-04-04,4,5,4,2020,False
460,2020-04-05,5,6,4,2020,False
461,2020-04-06,6,0,4,2020,False
462,2020-04-07,7,1,4,2020,False
463,2020-04-08,8,2,4,2020,False
464,2020-04-09,9,3,4,2020,False
465,2020-04-10,10,4,4,2020,False
466,2020-04-11,11,5,4,2020,False
467,2020-04-12,12,6,4,2020,False
468,2020-04-13,13,0,4,2020,False
469,2020-04-14,14,1,4,2020,False
470,2020-04-15,15,2,4,2020,False
471,2020-04-16,16,3,4,2020,False
472,2020-04-17,17,4,4,2020,False
473,2020-04-18,18,5,4,2020,False
474,2020-04-19,19,6,4,2020,False
475,2020-04-20,20,0,4,2020,False
476,2020-04-21,21,1,4,2020,False
477,2020-04-22,22,2,4,2020,False
478,2020-04-23,23,3,4,2020,False
479,2020-04-24,24,4,4,2020,False
480,2020-04-25,25,5,4,2020,False
481,2020-04-26,26,6,4,2020,False
482,2020-04-27,27,0,4,2020,False
483,2020-04-28,28,1,4,2020,False
484,2020-04-29,29,2,4,2020,False
485,2020-04-30,30,3,4,2020,False
486,2020-05-01,1,4,5,2020,False
487,2020-05-02,2,5,5,2020,False
488,2020-05-03,3,6,5,2020,False
489,2020-05-04,4,0,5,2020,False
490,2020-05-05,5,1,5,2020,False
491,2020-05-06,6,2,5,2020,False
492,2020-05-07,7,3,5,2020,False
493,2020-05-08,8,4,5,2020,False
494,2020-05-09,9,5,5,2020,False
495,2020-05-10,10,6,5,2020,False
496,2020-05-11,11,0,5,2020,False
497,2020-05-12,12,1,5,2020,False
498,2020-05-13,13,2,5,2020,False
499,2020-05-14,14,3,5,2020,False
500,2020-05-15,15,4,5,2020,False
501,2020-05-16,16,5,5,2020,False
502,2020-05-17,17,6,5,2020,False
503,2020-05-18,18,0,5,2020,False
504,2020-05-19,19,1,5,2020,False
505,2020-05-20,20,2,5,2020,False
506,2020-05-21,21,3,5,2020,False
507,2020-05-22,22,4,5,2020,False
508,2020-05-23,23,5,5,2020,False
509,2020-05-24,24,6,5,2020,False
510,2020-05-25,25,0,5,2020,True
511,2020-05-26,26,1,5,2020,False
512,2020-05-27,27,2,5,2020,False
513,2020-05-28,28,3,5,2020,False
514,2020-05-29,29,4,5,2020,False
515,2020-05-30,30,5,5,2020,False
516,2020-05-31,31,6,5,2020,False
517,2020-06-01,1,0,6,2020,False
518,2020-06-02,2,1,6,2020,False
519,2020-06-03,3,2,6,2020,False
520,2020-06-04,4,3,6,2020,False
521,2020-06-05,5,4,6,2020,False
522,2020-06-06,6,5,6,2020,False
523,2020-06-07,7,6,6,2020,False
524,2020-06-08,8,0,6,2020,False
525,2020-06-09,9,1,6,2020,False
526,2020-06-10,10,2,6,2020,False
527,2020-06-11,11,3,6,2020,False
528,2020-06-12,12,4,6,2020,False
529,2020-06-13,13,5,6,2020,False
530,2020-06-14,14,6,6,2020,False
531,2020-06-15,15,0,6,2020,False
532,2020-06-16,16,1,6,2020,False
533,2020-06-17,17,2,6,2020,False
534,2020-06-18,18,3,6,2020,False
535,2020-06-19,19,4,6,2020,False
536,2020-06-20,20,5,6,2020,False
537,2020-06-21,21,6,6,2020,False
538,2020-06-22,22,0,6,2020,False
539,2020-06-23,23,1,6,2020,False
540,2020-06-24,24,2,6,2020,False
541,2020-06-25,25,3,6,2020,False
542,2020-06-26,26,4,6,2020,False
543,2020-06-27,27,5,6,2020,False
544,2020-06-28,28,6,6,2020,False
545,2020-06-29,29,0,6,2020,False
546,2020-06-30,30,1,6,2020,False
547,2020-07-01,1,2,7,2020,False
548,2020-07-02,2,3,7,2020,False
549,2020-07-03,3,4,7,2020,False
550,2020-07-04,4,5,7,2020,True
551,2020-07-05,5,6,7,2020,False
552,2020-07-06,6,0,7,2020,False
553,2020-07-07,7,1,7,2020,False
554,2020-07-08,8,2,7,2020,False
555,2020-07-09,9,3,7,2020,False
556,2020-07-10,10,4,7,2020,False
557,2020-07-11,11,5,7,2020,False
558,2020-07-12,12,6,7,2020,False
559,2020-07-13,13,0,7,2020,False
560,2020-07-14,14,1,7,2020,False
561,2020-07-15,15,2,7,2020,False
562,2020-07-16,16,3,7,2020,False
563,2020-07-17,17,4,7,2020,False
564,2020-07-18,18,5,7,2020,False
565,2020-07-19,19,6,7,2020,False
566,2020-07-20,20,0,7,2020,False
567,2020-07-21,21,1,7,2020,False
568,2020-07-22,22,2,7,2020,False
569,2020-07-23,23,3,7,2020,False
570,2020-07-24,24,4,7,2020,False
571,2020-07-25,25,5,7,2020,False
572,2020-07-26,26,6,7,2020,False
573,2020-07-27,27,0,7,2020,False
574,2020-07-28,28,1,7,2020,False
575,2020-07-29,29,2,7,2020,False
576,2020-07-30,30,3,7,2020,False
577,2020-07-31,31,4,7,2020,False
578,2020-08-01,1,5,8,2020,False
579,2020-08-02,2,6,8,2020,False
580,2020-08-03,3,0,8,2020,False
581,2020-08-04,4,1,8,2020,False
582,2020-08-05,5,2,8,2020,False
583,2020-08-06,6,3,8,2020,False
584,2020-08-07,7,4,8,2020,False
585,2020-08-08,8,5,8,2020,False
586,2020-08-09,9,6,8,2020,False
587,2020-08-10,10,0,8,2020,False
588,2020-08-11,11,1,8,2020,False
589,2020-08-12,12,2,8,2020,False
590,2020-08-13,13,3,8,2020,False
591,2020-08-14,14,4,8,2020,False
592,2020-08-15,15,5,8,2020,False
593,2020-08-16,16,6,8,2020,False
594,2020-08-17,17,0,8,2020,False
595,2020-08-18,18,1,8,2020,False
596,2020-08-19,19,2,8,2020,False
597,2020-08-20,20,3,8,2020,False
598,2020-08-21,21,4,8,2020,False
599,2020-08-22,22,5,8,2020,False
600,2020-08-23,23,6,8,2020,False
601,2020-08-24,24,0,8,2020,False
602,2020-08-25,25,1,8,2020,False
603,2020-08-26,26,2,8,2020,False
604,2020-08-27,27,3,8,2020,False
605,2020-08-28,28,4,8,2020,False
606,2020-08-29,29,5,8,2020,False
607,2020-08-30,30,6,8,2020,False
608,2020-08-31,31,0,8,2020,False
609,2020-09-01,1,1,9,2020,False
610,2020-09-02,2,2,9,2020,False
611,2020-09-03,3,3,9,2020,False
612,2020-09-04,4,4,9,2020,False
613,2020-09-05,5,5,9,2020,False
614,2020-09-06,6,6,9,2020,False
615,2020-09-07,7,0,9,2020,True
616,2020-09-08,8,1,9,2020,False
617,2020-09-09,9,2,9,2020,False
618,2020-09-10,10,3,9,2020,False
619,2020-09-11,11,4,9,2020,False
620,2020-09-12,12,5,9,2020,False
621,2020-09-13,13,6,9,2020,False
622,2020-09-14,14,0,9,2020,False
623,2020-09-15,15,1,9,2020,False
624,2020-09-16,16,2,9,2020,False
625,2020-09-17,17,3,9,2020,False
626,2020-09-18,18,4,9,2020,False
627,2020-09-19,19,5,9,2020,False
628,2020-09-20,20,6,9,2020,False
629,2020-09-21,21,0,9,2020,False
630,2020-09-22,22,1,9,2020,False
631,2020-09-23,23,2,9,2020,False
632,2020-09-24,24,3,9,2020,False
633,2020-09-25,25,4,9,2020,False
634,2020-09-26,26,5,9,2020,False
635,2020-09-27,27,6,9,2020,False
636,2020-09-28,28,0,9,2020,False
637,2020-09-29,29,1,9,2020,False
638,2020-09-30,30,2,9,2020,False
639,2020-10-01,1,3,10,2020,False
640,2020-10-02,2,4,10,2020,False
641,2020-10-03,3,5,10,2020,False
642,2020-10-04,4,6,10,2020,False
643,2020-10-05,5,0,10,2020,False
644,2020-10-06,6,1,10,2020,False
645,2020-10-07,7,2,10,2020,False
646,2020-10-08,8,3,10,2020,False
647,2020-10-09,9,4,10,2020,False
648,2020-10-10,10,5,10,2020,False
649,2020-10-11,11,6,10,2020,False
650,2020-10-12,12,0,10,2020,False
651,2020-10-13,13,1,10,2020,False
652,2020-10-14,14,2,10,2020,False
653,2020-10-15,15,3,10,2020,False
654,2020-10-16,16,4,10,2020,False
655,2020-10-17,17,5,10,2020,False
656,2020-10-18,18,6,10,2020,False
657,2020-10-19,19,0,10,2020,False
658,2020-10-20,20,1,10,2020,False
659,2020-10-21,21,2,10,2020,False
660,2020-10-22,22,3,10,2020,False
661,2020-10-23,23,4,10,2020,False
662,2020-10-24,24,5,10,2020,False
663,2020-10-25,25,6,10,2020,False
664,2020-10-26,26,0,10,2020,False
665,2020-10-27,27,1,10,2020,False
666,2020-10-28,28,2,10,2020,False
667,2020-10-29,29,3,10,2020,False
668,2020-10-30,30,4,10,2020,False
669,2020-10-31,31,5,10,2020,False
670,2020-11-01,1,6,11,2020,False
671,2020-11-02,2,0,11,2020,False
672,2020-11-03,3,1,11,2020,False
673,2020-11-04,4,2,11,2020,False
674,2020-11-05,5,3,11,2020,False
675,2020-11-06,6,4,11,2020,False
676,2020-11-07,7,5,11,2020,False
677,2020-11-08,8,6,11,2020,False
678,2020-11-09,9,0,11,2020,False
679,2020-11-10,10,1,11,2020,False
680,2020-11-11,11,2,11,2020,False
681,2020-11-12,12,3,11,2020,False
682,2020-11-13,13,4,11,2020,False
683,2020-11-14,14,5,11,2020,False
684,2020-11-15,15,6,11,2020,False
685,2020-11-16,16,0,11,2020,False
686,2020-11-17,17,1,11,2020,False
687,2020-11-18,18,2,11,2020,False
688,2020-11-19,19,3,11,2020,False
689,2020-11-20,20,4,11,2020,False
690,2020-11-21,21,5,11,2020,False
691,2020-11-22,22,6,11,2020,False
692,2020-11-23,23,0,11,2020,False
693,2020-11-24,24,1,11,2020,False
694,2020-11-25,25,2,11,2020,False
695,2020-11-26,26,3,11,2020,True
696,2020-11-27,27,4,11,2020,False
697,2020-11-28,28,5,11,2020,False
698,2020-11-29,29,6,11,2020,False
699,2020-11-30,30,0,11,2020,False
700,2020-12-01,1,1,12,2020,False
701,2020-12-02,2,2,12,2020,False
702,2020-12-03,3,3,12,2020,False
703,2020-12-04,4,4,12,2020,False
704,2020-12-05,5,5,12,2020,False
705,2020-12-06,6,6,12,2020,False
706,2020-12-07,7,0,12,2020,False
707,2020-12-08,8,1,12,2020,False
708,2020-12-09,9,2,12,2020,False
709,2020-12-10,10,3,12,2020,False
710,2020-12-11,11,4,12,2020,False
711,2020-12-12,12,5,12,2020,False
712,2020-12-13,13,6,12,2020,False
713,2020-12-14,14,0,12,2020,False
714,2020-12-15,15,1,12,2020,False
715,2020-12-16,16,2,12,2020,False
716,2020-12-17,17,3,12,2020,False
717,2020-12-18,18,4,12,2020,False
718,2020-12-19,19,5,12,2020,False
719,2020-12-20,20,6,12,2020,False
720,2020-12-21,21,0,12,2020,False
721,2020-12-22,22,1,12,2020,False
722,2020-12-23,23,2,12,2020,False
723,2020-12-24,24,3,12,2020,False
724,2020-12-25,25,4,12,2020,True
725,2020-12-26,26,5,12,2020,False
726,2020-12-27,27,6,12,2020,False
727,2020-12-28,28,0,12,2020,False
728,2020-12-29,29,1,12,2020,False
729,2020-12-30,30,2,12,2020,False
730,2020-12-31,31,3,12,2020,False
731,2021-01-01,1,4,1,2021,True
732,2021-01-02,2,5,1,2021,False
733,2021-01-03,3,6,1,2021,False
734,2021-01-04,4,0,1,2021,False
735,2021-01-05,5,1,1,2021,False
736,2021-01-06,6,2,1,2021,False
737,2021-01-07,7,3,1,2021,False
738,2021-01-08,8,4,1,2021,False
739,2021-01-09,9,5,1,2021,False
740,2021-01-10,10,6,1,2021,False
741,2021-01-11,11,0,1,2021,False
742,2021-01-12,12,1,1,2021,False
743,2021-01-13,13,2,1,2021,False
744,2021-01-14,14,3,1,2021,False
745,2021-01-15,15,4,1,2021,False
746,2021-01-16,16,5,1,2021,False
747,2021-01-17,17,6,1,2021,False
748,2021-01-18,18,0,1,2021,False
749,2021-01-19,19,1,1,2021,False
750,2021-01-20,20,2,1,2021,False
751,2021-01-21,21,3,1,2021,False
752,2021-01-22,22,4,1,2021,False
753,2021-01-23,23,5,1,2021,False
754,2021-01-24,24,6,1,2021,False
755,2021-01-25,25,0,1,2021,False
756,2021-01-26,26,1,1,2021,False
757,2021-01-27,27,2,1,2021,False
758,2021-01-28,28,3,1,2021,False
759,2021-01-29,29,4,1,2021,False
760,2021-01-30,30,5,1,2021,False
761,2021-01-31,31,6,1,2021,False
762,2021-02-01,1,0,2,2021,False
763,2021-02-02,2,1,2,2021,False
764,2021-02-03,3,2,2,2021,False
765,2021-02-04,4,3,2,2021,False
766,2021-02-05,5,4,2,2021,False
767,2021-02-06,6,5,2,2021,False
768,2021-02-07,7,6,2,2021,False
769,2021-02-08,8,0,2,2021,False
770,2021-02-09,9,1,2,2021,False
771,2021-02-10,10,2,2,2021,False
772,2021-02-11,11,3,2,2021,False
773,2021-02-12,12,4,2,2021,False
774,2021-02-13,13,5,2,2021,False
775,2021-02-14,14,6,2,2021,False
776,2021-02-15,15,0,2,2021,False
777,2021-02-16,16,1,2,2021,False
778,2021-02-17,17,2,2,2021,False
779,2021-02-18,18,3,2,2021,False
780,2021-02-19,19,4,2,2021,False
781,2021-02-20,20,5,2,2021,False
782,2021-02-21,21,6,2,2021,False
783,2021-02-22,22,0,2,2021,False
784,2021-02-23,23,1,2,2021,False
785,2021-02-24,24,2,2,2021,False
786,2021-02-25,25,3,2,2021,False
787,2021-02-26,26,4,2,2021,False
788,2021-02-27,27,5,2,2021,False
789,2021-02-28,28,6,2,2021,False
790,2021-03-01,1,0,3,2021,False
791,2021-03-02,2,1,3,2021,False
792,2021-03-03,3,2,3,2021,False
793,2021-03-04,4,3,3,2021,False
794,2021-03-05,5,4,3,2021,False
795,2021-03-06,6,5,3,2021,False
796,2021-03-07,7,6,3,2021,False
797,2021-03-08,8,0,3,2021,False
798,2021-03-09,9,1,3,2021,False
799,2021-03-10,10,2,3,2021,False
800,2021-03-11,11,3,3,2021,False
801,2021-03-12,12,4,3,2021,False
802,2021-03-13,13,5,3,2021,False
803,2021-03-14,14,6,3,2021,False
804,2021-03-15,15,0,3,2021,False
805,2021-03-16,16,1,3,2021,False
806,2021-03-17,17,2,3,2021,False
807,2021-03-18,18,3,3,2021,False
808,2021-03-19,19,4,3,2021,False
809,2021-03-20,20,5,3,2021,False
810,2021-03-21,21,6,3,2021,False
811,2021-03-22,22,0,3,2021,False
812,2021-03-23,23,1,3,2021,False
813,2021-03-24,24,2,3,2021,False
814,2021-03-25,25,3,3,2021,False
815,2021-03-26,26,4,3,2021,False
816,2021-03-27,27,5,3,2021,False
817,2021-03-28,28,6,3,2021,False
818,2021-03-29,29,0,3,2021,False
819,2021-03-30,30,1,3,2021,False
820,2021-03-31,31,2,3,2021,False
821,2021-04-01,1,3,4,2021,False
822,2021-04-02,2,4,4,2021,False
823,2021-04-03,3,5,4,2021,False
824,2021-04-04,4,6,4,2021,False
825,2021-04-05,5,0,4,2021,False
826,2021-04-06,6,1,4,2021,False
827,2021-04-07,7,2,4,2021,False
828,2021-04-08,8,3,4,2021,False
829,2021-04-09,9,4,4,2021,False
830,2021-04-10,10,5,4,2021,False
831,2021-04-11,11,6,4,2021,False
832,2021-04-12,12,0,4,2021,False
833,2021-04-13,13,1,4,2021,False
834,2021-04-14,14,2,4,2021,False
835,2021-04-15,15,3,4,2021,False
836,2021-04-16,16,4,4,2021,False
837,2021-04-17,17,5,4,2021,False
838,2021-04-18,18,6,4,2021,False
839,2021-04-19,19,0,4,2021,False
840,2021-04-20,20,1,4,2021,False
841,2021-04-21,21,2,4,2021,False
842,2021-04-22,22,3,4,2021,False
843,2021-04-23,23,4,4,2021,False
844,2021-04-24,24,5,4,2021,False
845,2021-04-25,25,6,4,2021,False
846,2021-04-26,26,0,4,2021,False
847,2021-04-27,27,1,4,2021,False
848,2021-04-28,28,2,4,2021,False
849,2021-04-29,29,3,4,2021,False
850,2021-04-30,30,4,4,2021,False
851,2021-05-01,1,5,5,2021,False
852,2021-05-02,2,6,5,2021,False
853,2021-05-03,3,0,5,2021,False
854,2021-05-04,4,1,5,2021,False
855,2021-05-05,5,2,5,2021,False
856,2021-05-06,6,3,5,2021,False
857,2021-05-07,7,4,5,2021,False
858,2021-05-08,8,5,5,2021,False
859,2021-05-09,9,6,5,2021,False
860,2021-05-10,10,0,5,2021,False
861,2021-05-11,11,1,5,2021,False
862,2021-05-12,12,2,5,2021,False
863,2021-05-13,13,3,5,2021,False
864,2021-05-14,14,4,5,2021,False
865,2021-05-15,15,5,5,2021,False
866,2021-05-16,16,6,5,2021,False
867,2021-05-17,17,0,5,2021,False
868,2021-05-18,18,1,5,2021,False
869,2021-05-19,19,2,5,2021,False
870,2021-05-20,20,3,5,2021,False
871,2021-05-21,21,4,5,2021,False
872,2021-05-22,22,5,5,2021,False
873,2021-05-23,23,6,5,2021,False
874,2021-05-24,24,0,5,2021,False
875,2021-05-25,25,1,5,2021,False
876,2021-05-26,26,2,5,2021,False
877,2021-05-27,27,3,5,2021,False
878,2021-05-28,28,4,5,2021,False
879,2021-05-29,29,5,5,2021,False
880,2021-05-30,30,6,5,2021,False
881,2021-05-31,31,0,5,2021,True
882,2021-06-01,1,1,6,2021,False
883,2021-06-02,2,2,6,2021,False
884,2021-06-03,3,3,6,2021,False
885,2021-06-04,4,4,6,2021,False
886,2021-06-05,5,5,6,2021,False
887,2021-06-06,6,6,6,2021,False
888,2021-06-07,7,0,6,2021,False
889,2021-06-08,8,1,6,2021,False
890,2021-06-09,9,2,6,2021,False
891,2021-06-10,10,3,6,2021,False
892,2021-06-11,11,4,6,2021,False
893,2021-06-12,12,5,6,2021,False
894,2021-06-13,13,6,6,2021,False
895,2021-06-14,14,0,6,2021,False
896,2021-06-15,15,1,6,2021,False
897,2021-06-16,16,2,6,2021,False
898,2021-06-17,17,3,6,2021,False
899,2021-06-18,18,4,6,2021,False
900,2021-06-19,19,5,6,2021,False
901,2021-06-20,20,6,6,2021,False
902,2021-06-21,21,0,6,2021,False
903,2021-06-22,22,1,6,2021,False
904,2021-06-23,23,2,6,2021,False
905,2021-06-24,24,3,6,2021,False
906,2021-06-25,25,4,6,2021,False
907,2021-06-26,26,5,6,2021,False
908,2021-06-27,27,6,6,2021,False
909,2021-06-28,28,0,6,2021,False
910,2021-06-29,29,1,6,2021,False
911,2021-06-30,30,2,6,2021,False
912,2021-07-01,1,3,7,2021,False
913,2021-07-02,2,4,7,2021,False
914,2021-07-03,3,5,7,2021,False
915,2021-07-04,4,6,7,2021,True
916,2021-07-05,5,0,7,2021,False
917,2021-07-06,6,1,7,2021,False
918,2021-07-07,7,2,7,2021,False
919,2021-07-08,8,3,7,2021,False
920,2021-07-09,9,4,7,2021,False
921,2021-07-10,10,5,7,2021,False
922,2021-07-11,11,6,7,2021,False
923,2021-07-12,12,0,7,2021,False
924,2021-07-13,13,1,7,2021,False
925,2021-07-14,14,2,7,2021,False
926,2021-07-15,15,3,7,2021,False
927,2021-07-16,16,4,7,2021,False
928,2021-07-17,17,5,7,2021,False
929,2021-07-18,18,6,7,2021,False
930,2021-07-19,19,0,7,2021,False
931,2021-07-20,20,1,7,2021,False
932,2021-07-21,21,2,7,2021,False
933,2021-07-22,22,3,7,2021,False
934,2021-07-23,23,4,7,2021,False
935,2021-07-24,24,5,7,2021,False
936,2021-07-25,25,6,7,2021,False
937,2021-07-26,26,0,7,2021,False
938,2021-07-27,27,1,7,2021,False
939,2021-07-28,28,2,7,2021,False
940,2021-07-29,29,3,7,2021,False
941,2021-07-30,30,4,7,2021,False
942,2021-07-31,31,5,7,2021,False
943,2021-08-01,1,6,8,2021,False
944,2021-08-02,2,0,8,2021,False
945,2021-08-03,3,1,8,2021,False
946,2021-08-04,4,2,8,2021,False
947,2021-08-05,5,3,8,2021,False
948,2021-08-06,6,4,8,2021,False
949,2021-08-07,7,5,8,2021,False
950,2021-08-08,8,6,8,2021,False
951,2021-08-09,9,0,8,2021,False
952,2021-08-10,10,1,8,2021,False
953,2021-08-11,11,2,8,2021,False
954,2021-08-12,12,3,8,2021,False
955,2021-08-13,13,4,8,2021,False
956,2021-08-14,14,5,8,2021,False
957,2021-08-15,15,6,8,2021,False
958,2021-08-16,16,0,8,2021,False
959,2021-08-17,17,1,8,2021,False
960,2021-08-18,18,2,8,2021,False
961,2021-08-19,19,3,8,2021,False
962,2021-08-20,20,4,8,2021,False
963,2021-08-21,21,5,8,2021,False
964,2021-08-22,22,6,8,2021,False
965,2021-08-23,23,0,8,2021,False
966,2021-08-24,24,1,8,2021,False
967,2021-08-25,25,2,8,2021,False
968,2021-08-26,26,3,8,2021,False
969,2021-08-27,27,4,8,2021,False
970,2021-08-28,28,5,8,2021,False
971,2021-08-29,29,6,8,2021,False
972,2021-08-30,30,0,8,2021,False
973,2021-08-31,31,1,8,2021,False
974,2021-09-01,1,2,9,2021,False
975,2021-09-02,2,3,9,2021,False
976,2021-09-03,3,4,9,2021,False
977,2021-09-04,4,5,9,2021,False
978,2021-09-05,5,6,9,2021,False
979,2021-09-06,6,0,9,2021,True
980,2021-09-07,7,1,9,2021,False
981,2021-09-08,8,2,9,2021,False
982,2021-09-09,9,3,9,2021,False
983,2021-09-10,10,4,9,2021,False
984,2021-09-11,11,5,9,2021,False
985,2021-09-12,12,6,9,2021,False
986,2021-09-13,13,0,9,2021,False
987,2021-09-14,14,1,9,2021,False
988,2021-09-15,15,2,9,2021,False
989,2021-09-16,16,3,9,2021,False
990,2021-09-17,17,4,9,2021,False
991,2021-09-18,18,5,9,2021,False
992,2021-09-19,19,6,9,2021,False
993,2021-09-20,20,0,9,2021,False
994,2021-09-21,21,1,9,2021,False
995,2021-09-22,22,2,9,2021,False
996,2021-09-23,23,3,9,2021,False
997,2021-09-24,24,4,9,2021,False
998,2021-09-25,25,5,9,2021,False
999,2021-09-26,26,6,9,2021,False
1000,2021-09-27,27,0,9,2021,False
1001,2021-09-28,28,1,9,2021,False
1002,2021-09-29,29,2,9,2021,False
1003,2021-09-30,30,3,9,2021,False
1004,2021-10-01,1,4,10,2021,False
1005,2021-10-02,2,5,10,2021,False
1006,2021-10-03,3,6,10,2021,False
1007,2021-10-04,4,0,10,2021,False
1008,2021-10-05,5,1,10,2021,False
1009,2021-10-06,6,2,10,2021,False
1010,2021-10-07,7,3,10,2021,False
1011,2021-10-08,8,4,10,2021,False
1012,2021-10-09,9,5,10,2021,False
1013,2021-10-10,10,6,10,2021,False
1014,2021-10-11,11,0,10,2021,False
1015,2021-10-12,12,1,10,2021,False
1016,2021-10-13,13,2,10,2021,False
1017,2021-10-14,14,3,10,2021,False
1018,2021-10-15,15,4,10,2021,False
1019,2021-10-16,16,5,10,2021,False
1020,2021-10-17,17,6,10,2021,False
1021,2021-10-18,18,0,10,2021,False
1022,2021-10-19,19,1,10,2021,False
1023,2021-10-20,20,2,10,2021,False
1024,2021-10-21,21,3,10,2021,False
1025,2021-10-22,22,4,10,2021,False
1026,2021-10-23,23,5,10,2021,False
1027,2021-10-24,24,6,10,2021,False
1028,2021-10-25,25,0,10,2021,False
1029,2021-10-26,26,1,10,2021,False
1030,2021-10-27,27,2,10,2021,False
1031,2021-10-28,28,3,10,2021,False
1032,2021-10-29,29,4,10,2021,False
1033,2021-10-30,30,5,10,2021,False
1034,2021-10-31,31,6,10,2021,False
1035,2021-11-01,1,0,11,2021,False
1036,2021-11-02,2,1,11,2021,False
1037,2021-11-03,3,2,11,2021,False
1038,2021-11-04,4,3,11,2021,False
1039,2021-11-05,5,4,11,2021,False
1040,2021-11-06,6,5,11,2021,False
1041,2021-11-07,7,6,11,2021,False
1042,2021-11-08,8,0,11,2021,False
1043,2021-11-09,9,1,11,2021,False
1044,2021-11-10,10,2,11,2021,False
1045,2021-11-11,11,3,11,2021,False
1046,2021-11-12,12,4,11,2021,False
1047,2021-11-13,13,5,11,2021,False
1048,2021-11-14,14,6,11,2021,False
1049,2021-11-15,15,0,11,2021,False
1050,2021-11-16,16,1,11,2021,False
1051,2021-11-17,17,2,11,2021,False
1052,2021-11-18,18,3,11,2021,False
1053,2021-11-19,19,4,11,2021,False
1054,2021-11-20,20,5,11,2021,False
1055,2021-11-21,21,6,11,2021,False
1056,2021-11-22,22,0,11,2021,False
1057,2021-11-23,23,1,11,2021,False
1058,2021-11-24,24,2,11,2021,False
1059,2021-11-25,25,3,11,2021,True
1060,2021-11-26,26,4,11,2021,False
1061,2021-11-27,27,5,11,2021,False
1062,2021-11-28,28,6,11,2021,False
1063,2021-11-29,29,0,11,2021,False
1064,2021-11-30,30,1,11,2021,False
1065,2021-12-01,1,2,12,2021,False
1066,2021-12-02,2,3,12,2021,False
1067,2021-12-03,3,4,12,2021,False
1068,2021-12-04,4,5,12,2021,False
1069,2021-12-05,5,6,12,2021,False
1070,2021-12-06,6,0,12,2021,False
1071,2021-12-07,7,1,12,2021,False
1072,2021-12-08,8,2,12,2021,False
1073,2021-12-09,9,3,12,2021,False
1074,2021-12-10,10,4,12,2021,False
1075,2021-12-11,11,5,12,2021,False
1076,2021-12-12,12,6,12,2021,False
1077,2021-12-13,13,0,12,2021,False
1078,2021-12-14,14,1,12,2021,False
1079,2021-12-15,15,2,12,2021,False
1080,2021-12-16,16,3,12,2021,False
1081,2021-12-17,17,4,12,2021,False
1082,2021-12-18,18,5,12,2021,False
1083,2021-12-19,19,6,12,2021,False
1084,2021-12-20,20,0,12,2021,False
1085,2021-12-21,21,1,12,2021,False
1086,2021-12-22,22,2,12,2021,False
1087,2021-12-23,23,3,12,2021,False
1088,2021-12-24,24,4,12,2021,False
1089,2021-12-25,25,5,12,2021,True
1090,2021-12-26,26,6,12,2021,False
1091,2021-12-27,27,0,12,2021,False
1092,2021-12-28,28,1,12,2021,False
1093,2021-12-29,29,2,12,2021,False
1094,2021-12-30,30,3,12,2021,False
1095,2021-12-31,31,4,12,2021,False
1096,2022-01-01,1,5,1,2022,True
1097,2022-01-02,2,6,1,2022,False
1098,2022-01-03,3,0,1,2022,False
1099,2022-01-04,4,1,1,2022,False
1100,2022-01-05,5,2,1,2022,False
1101,2022-01-06,6,3,1,2022,False
1102,2022-01-07,7,4,1,2022,False
1103,2022-01-08,8,5,1,2022,False
1104,2022-01-09,9,6,1,2022,False
1105,2022-01-10,10,0,1,2022,False
1106,2022-01-11,11,1,1,2022,False
1107,2022-01-12,12,2,1,2022,False
1108,2022-01-13,13,3,1,2022,False
1109,2022-01-14,14,4,1,2022,False
1110,2022-01-15,15,5,1,2022,False
1111,2022-01-16,16,6,1,2022,False
1112,2022-01-17,17,0,1,2022,False
1113,2022-01-18,18,1,1,2022,False
1114,2022-01-19,19,2,1,2022,False
1115,2022-01-20,20,3,1,2022,False
1116,2022-01-21,21,4,1,2022,False
1117,2022-01-22,22,5,1,2022,False
1118,2022-01-23,23,6,1,2022,False
1119,2022-01-24,24,0,1,2022,False
1120,2022-01-25,25,1,1,2022,False
1121,2022-01-26,26,2,1,2022,False
1122,2022-01-27,27,3,1,2022,False
1123,2022-01-28,28,4,1,2022,False
1124,2022-01-29,29,5,1,2022,False
1125,2022-01-30,30,6,1,2022,False
1126,2022-01-31,31,0,1,2022,False
1127,2022-02-01,1,1,2,2022,False
1128,2022-02-02,2,2,2,2022,False
1129,2022-02-03,3,3,2,2022,False
1130,2022-02-04,4,4,2,2022,False
1131,2022-02-05,5,5,2,2022,False
1132,2022-02-06,6,6,2,2022,False
1133,2022-02-07,7,0,2,2022,False
1134,2022-02-08,8,1,2,2022,False
1135,2022-02-09,9,2,2,2022,False
1136,2022-02-10,10,3,2,2022,False
1137,2022-02-11,11,4,2,2022,False
1138,2022-02-12,12,5,2,2022,False
1139,2022-02-13,13,6,2,2022,False
1140,2022-02-14,14,0,2,2022,False
1141,2022-02-15,15,1,2,2022,False
1142,2022-02-16,16,2,2,2022,False
1143,2022-02-17,17,3,2,2022,False
1144,2022-02-18,18,4,2,2022,False
1145,2022-02-19,19,5,2,2022,False
1146,2022-02-20,20,6,2,2022,False
1147,2022-02-21,21,0,2,2022,False
1148,2022-02-22,22,1,2,2022,False
1149,2022-02-23,23,2,2,2022,False
1150,2022-02-24,24,3,2,2022,False
1151,2022-02-25,25,4,2,2022,False
1152,2022-02-26,26,5,2,2022,False
1153,2022-02-27,27,6,2,2022,False
1154,2022-02-28,28,0,2,2022,False
1155,2022-03-01,1,1,3,2022,False
1156,2022-03-02,2,2,3,2022,False
1157,2022-03-03,3,3,3,2022,False
1158,2022-03-04,4,4,3,2022,False
1159,2022-03-05,5,5,3,2022,False
1160,2022-03-06,6,6,3,2022,False
1161,2022-03-07,7,0,3,2022,False
1162,2022-03-08,8,1,3,2022,False
1163,2022-03-09,9,2,3,2022,False
1164,2022-03-10,10,3,3,2022,False
1165,2022-03-11,11,4,3,2022,False
1166,2022-03-12,12,5,3,2022,False
1167,2022-03-13,13,6,3,2022,False
1168,2022-03-14,14,0,3,2022,False
1169,2022-03-15,15,1,3,2022,False
1170,2022-03-16,16,2,3,2022,False
1171,2022-03-17,17,3,3,2022,False
1172,2022-03-18,18,4,3,2022,False
1173,2022-03-19,19,5,3,2022,False
1174,2022-03-20,20,6,3,2022,False
1175,2022-03-21,21,0,3,2022,False
1176,2022-03-22,22,1,3,2022,False
1177,2022-03-23,23,2,3,2022,False
1178,2022-03-24,24,3,3,2022,False
1179,2022-03-25,25,4,3,2022,False
1180,2022-03-26,26,5,3,2022,False
1181,2022-03-27,27,6,3,2022,False
1182,2022-03-28,28,0,3,2022,False
1183,2022-03-29,29,1,3,2022,False
1184,2022-03-30,30,2,3,2022,False
1185,2022-03-31,31,3,3,2022,False
1186,2022-04-01,1,4,4,2022,False
1187,2022-04-02,2,5,4,2022,False
1188,2022-04-03,3,6,4,2022,False
1189,2022-04-04,4,0,4,2022,False
1190,2022-04-05,5,1,4,2022,False
1191,2022-04-06,6,2,4,2022,False
1192,2022-04-07,7,3,4,2022,False
1193,2022-04-08,8,4,4,2022,False
1194,2022-04-09,9,5,4,2022,False
1195,2022-04-10,10,6,4,2022,False
1196,2022-04-11,11,0,4,2022,False
1197,2022-04-12,12,1,4,2022,False
1198,2022-04-13,13,2,4,2022,False
1199,2022-04-14,14,3,4,2022,False
1200,2022-04-15,15,4,4,2022,False
1201,2022-04-16,16,5,4,2022,False
1202,2022-04-17,17,6,4,2022,False
1203,2022-04-18,18,0,4,2022,False
1204,2022-04-19,19,1,4,2022,False
1205,2022-04-20,20,2,4,2022,False
1206,2022-04-21,21,3,4,2022,False
1207,2022-04-22,22,4,4,2022,False
1208,2022-04-23,23,5,4,2022,False
1209,2022-04-24,24,6,4,2022,False
1210,2022-04-25,25,0,4,2022,False
1211,2022-04-26,26,1,4,2022,False
1212,2022-04-27,27,2,4,2022,False
1213,2022-04-28,28,3,4,2022,False
1214,2022-04-29,29,4,4,2022,False
1215,2022-04-30,30,5,4,2022,False
1216,2022-05-01,1,6,5,2022,False
1217,2022-05-02,2,0,5,2022,False
1218,2022-05-03,3,1,5,2022,False
1219,2022-05-04,4,2,5,2022,False
1220,2022-05-05,5,3,5,2022,False
1221,2022-05-06,6,4,5,2022,False
1222,2022-05-07,7,5,5,2022,False
1223,2022-05-08,8,6,5,2022,False
1224,2022-05-09,9,0,5,2022,False
1225,2022-05-10,10,1,5,2022,False
1226,2022-05-11,11,2,5,2022,False
1227,2022-05-12,12,3,5,2022,False
1228,2022-05-13,13,4,5,2022,False
1229,2022-05-14,14,5,5,2022,False
1230,2022-05-15,15,6,5,2022,False
1231,2022-05-16,16,0,5,2022,False
1232,2022-05-17,17,1,5,2022,False
1233,2022-05-18,18,2,5,2022,False
1234,2022-05-19,19,3,5,2022,False
1235,2022-05-20,20,4,5,2022,False
1236,2022-05-21,21,5,5,2022,False
1237,2022-05-22,22,6,5,2022,False
1238,2022-05-23,23,0,5,2022,False
1239,2022-05-24,24,1,5,2022,False
1240,2022-05-25,25,2,5,2022,False
1241,2022-05-26,26,3,5,2022,False
1242,2022-05-27,27,4,5,2022,False
1243,2022-05-28,28,5,5,2022,False
1244,2022-05-29,29,6,5,2022,False
1245,2022-05-30,30,0,5,2022,True
1246,2022-05-31,31,1,5,2022,False
1247,2022-06-01,1,2,6,2022,False
1248,2022-06-02,2,3,6,2022,False
1249,2022-06-03,3,4,6,2022,False
1250,2022-06-04,4,5,6,2022,False
1251,2022-06-05,5,6,6,2022,False
1252,2022-06-06,6,0,6,2022,False
1253,2022-06-07,7,1,6,2022,False
1254,2022-06-08,8,2,6,2022,False
1255,2022-06-09,9,3,6,2022,False
1256,2022-06-10,10,4,6,2022,False
1257,2022-06-11,11,5,6,2022,False
1258,2022-06-12,12,6,6,2022,False
1259,2022-06-13,13,0,6,2022,False
1260,2022-06-14,14,1,6,2022,False
1261,2022-06-15,15,2,6,2022,False
1262,2022-06-16,16,3,6,2022,False
1263,2022-06-17,17,4,6,2022,False
1264,2022-06-18,18,5,6,2022,False
1265,2022-06-19,19,6,6,2022,False
1266,2022-06-20,20,0,6,2022,False
1267,2022-06-21,21,1,6,2022,False
1268,2022-06-22,22,2,6,2022,False
1269,2022-06-23,23,3,6,2022,False
1270,2022-06-24,24,4,6,2022,False
1271,2022-06-25,25,5,6,2022,False
1272,2022-06-26,26,6,6,2022,False
1273,2022-06-27,27,0,6,2022,False
1274,2022-06-28,28,1,6,2022,False
1275,2022-06-29,29,2,6,2022,False
1276,2022-06-30,30,3,6,2022,False
1277,2022-07-01,1,4,7,2022,False
1278,2022-07-02,2,5,7,2022,False
1279,2022-07-03,3,6,7,2022,False
1280,2022-07-04,4,0,7,2022,True
1281,2022-07-05,5,1,7,2022,False
1282,2022-07-06,6,2,7,2022,False
1283,2022-07-07,7,3,7,2022,False
1284,2022-07-08,8,4,7,2022,False
1285,2022-07-09,9,5,7,2022,False
1286,2022-07-10,10,6,7,2022,False
1287,2022-07-11,11,0,7,2022,False
1288,2022-07-12,12,1,7,2022,False
1289,2022-07-13,13,2,7,2022,False
1290,2022-07-14,14,3,7,2022,False
1291,2022-07-15,15,4,7,2022,False
1292,2022-07-16,16,5,7,2022,False
1293,2022-07-17,17,6,7,2022,False
1294,2022-07-18,18,0,7,2022,False
1295,2022-07-19,19,1,7,2022,False
1296,2022-07-20,20,2,7,2022,False
1297,2022-07-21,21,3,7,2022,False
1298,2022-07-22,22,4,7,2022,False
1299,2022-07-23,23,5,7,2022,False
1300,2022-07-24,24,6,7,2022,False
1301,2022-07-25,25,0,7,2022,False
1302,2022-07-26,26,1,7,2022,False
1303,2022-07-27,27,2,7,2022,False
1304,2022-07-28,28,3,7,2022,False
1305,2022-07-29,29,4,7,2022,False
1306,2022-07-30,30,5,7,2022,False
1307,2022-07-31,31,6,7,2022,False
1308,2022-08-01,1,0,8,2022,False
1309,2022-08-02,2,1,8,2022,False
1310,2022-08-03,3,2,8,2022,False
1311,2022-08-04,4,3,8,2022,False
1312,2022-08-05,5,4,8,2022,False
1313,2022-08-06,6,5,8,2022,False
1314,2022-08-07,7,6,8,2022,False
1315,2022-08-08,8,0,8,2022,False
1316,2022-08-09,9,1,8,2022,False
1317,2022-08-10,10,2,8,2022,False
1318,2022-08-11,11,3,8,2022,False
1319,2022-08-12,12,4,8,2022,False
1320,2022-08-13,13,5,8,2022,False
1321,2022-08-14,14,6,8,2022,False
1322,2022-08-15,15,0,8,2022,False
1323,2022-08-16,16,1,8,2022,False
1324,2022-08-17,17,2,8,2022,False
1325,2022-08-18,18,3,8,2022,False
1326,2022-08-19,19,4,8,2022,False
1327,2022-08-20,20,5,8,2022,False
1328,2022-08-21,21,6,8,2022,False
1329,2022-08-22,22,0,8,2022,False
1330,2022-08-23,23,1,8,2022,False
1331,2022-08-24,24,2,8,2022,False
1332,2022-08-25,25,3,8,2022,False
1333,2022-08-26,26,4,8,2022,False
1334,2022-08-27,27,5,8,2022,False
1335,2022-08-28,28,6,8,2022,False
1336,2022-08-29,29,0,8,2022,False
1337,2022-08-30,30,1,8,2022,False
1338,2022-08-31,31,2,8,2022,False
1339,2022-09-01,1,3,9,2022,False
1340,2022-09-02,2,4,9,2022,False
1341,2022-09-03,3,5,9,2022,False
1342,2022-09-04,4,6,9,2022,False
1343,2022-09-05,5,0,9,2022,True
1344,2022-09-06,6,1,9,2022,False
1345,2022-09-07,7,2,9,2022,False
1346,2022-09-08,8,3,9,2022,False
1347,2022-09-09,9,4,9,2022,False
1348,2022-09-10,10,5,9,2022,False
1349,2022-09-11,11,6,9,2022,False
1350,2022-09-12,12,0,9,2022,False
1351,2022-09-13,13,1,9,2022,False
1352,2022-09-14,14,2,9,2022,False
1353,2022-09-15,15,3,9,2022,False
1354,2022-09-16,16,4,9,2022,False
1355,2022-09-17,17,5,9,2022,False
1356,2022-09-18,18,6,9,2022,False
1357,2022-09-19,19,0,9,2022,False
1358,2022-09-20,20,1,9,2022,False
1359,2022-09-21,21,2,9,2022,False
1360,2022-09-22,22,3,9,2022,False
1361,2022-09-23,23,4,9,2022,False
1362,2022-09-24,24,5,9,2022,False
1363,2022-09-25,25,6,9,2022,False
1364,2022-09-26,26,0,9,2022,False
1365,2022-09-27,27,1,9,2022,False
1366,2022-09-28,28,2,9,2022,False
1367,2022-09-29,29,3,9,2022,False
1368,2022-09-30,30,4,9,2022,False
1369,2022-10-01,1,5,10,2022,False
1370,2022-10-02,2,6,10,2022,False
1371,2022-10-03,3,0,10,2022,False
1372,2022-10-04,4,1,10,2022,False
1373,2022-10-05,5,2,10,2022,False
1374,2022-10-06,6,3,10,2022,False
1375,2022-10-07,7,4,10,2022,False
1376,2022-10-08,8,5,10,2022,False
1377,2022-10-09,9,6,10,2022,False
1378,2022-10-10,10,0,10,2022,False
1379,2022-10-11,11,1,10,2022,False
1380,2022-10-12,12,2,10,2022,False
1381,2022-10-13,13,3,10,2022,False
1382,2022-10-14,14,4,10,2022,False
1383,2022-10-15,15,5,10,2022,False
1384,2022-10-16,16,6,10,2022,False
1385,2022-10-17,17,0,10,2022,False
1386,2022-10-18,18,1,10,2022,False
1387,2022-10-19,19,2,10,2022,False
1388,2022-10-20,20,3,10,2022,False
1389,2022-10-21,21,4,10,2022,False
1390,2022-10-22,22,5,10,2022,False
1391,2022-10-23,23,6,10,2022,False
1392,2022-10-24,24,0,10,2022,False
1393,2022-10-25,25,1,10,2022,False
1394,2022-10-26,26,2,10,2022,False
1395,2022-10-27,27,3,10,2022,False
1396,2022-10-28,28,4,10,2022,False
1397,2022-10-29,29,5,10,2022,False
1398,2022-10-30,30,6,10,2022,False
1399,2022-10-31,31,0,10,2022,False
